1,39) User: 689,Wedding Crashers,9522,/5vMEXtz1DXgxFsv8pgFFGuOlI8V.jpg,The 40 Year Old Virgin,6957,/kFXfr0ioXRfxz4AvQ6RJ7iFF6PI.jpg,Forgetting Sarah Marshall,9870,/rAXlZmQ3gg4mScySg1kvs0ZLdCb.jpg,Superbad,8363,/7RZWtDkf0mgrxvJNFj43YW2Ugi8.jpg,Yes Man,10201,/zqSqnHb045TN8Lzt2X4IVy8dfAW.jpg
1,3) User: 11,V for Vendetta,752,/8rI9pNiTmugkEbI249evLygl9TC.jpg,Batman Begins,272,/dr6x4GyyegBWtinPBzipY02J2lV.jpg,3:10 to Yuma,5176,/9Nwkh0eQmkymEOR0ovAALtjSIZW.jpg,Sin City,187,/vKJVGOKPyWqp9d2EX5NH1liqRqR.jpg,The Chumscrubber,13919,/g3q6q3d9OLu2woA1uvnMBmfVuO3.jpg
1,24) User: 271,Hot Fuzz,4638,/5Jx6s6VXnunh8wCLgR0YgjwSgjh.jpg,Stranger Than Fiction,1262,/AtjCCvfMq9kmjwjbVwTJ0mWG7zp.jpg,Last Chance Harvey,16409,5hvK3SZ35Vr5jj93bYhE57dPwI.jpg,Twilight,8966,nlvPMLCdum7bkHKmDSMnNLGztmW.jpg,An Inconvenient Truth,1781,/yhsevNFscOH8YA90vsldYwzqkQt.jpg
1,23) User: 893,Harry Potter and the Deathly Hallows: Part 1,12444,/maP4MTfPCeVD2FZbKTLUgriOW4R.jpg,Tangled,38757,/re6AOJbhBk9FIK3knwU6rYlbPDx.jpg,Despicable Me,20352,/4zHJhBSY4kNZXfhTlmy2TzXD51M.jpg,Bolt,13053,/pGA75RbbIDXlUJtzJogAtS0KyxL.jpg,The Oh in Ohio,14474,/nGygfr8v51mZcIJe6Vwf77ENodW.jpg
1,12) User: 129,The Hangover,18785,/uluhlXubGu1VxU63X9VHCLWDAYP.jpg,Inception,27205,/qmDpIHrmpJINaRKAfWQfftjCdyi.jpg,District 9,17654,/axFmCRNQsW6Bto8XuJKo08MPPV5.jpg,Winter's Bone,39013,/lUFZr1hEgFbowMHzJhAKx08VMGA.jpg,Deck the Halls,9969,/u48kzT5MrSj6Vdnzsn1upjNNW8H.jpg
1,12) User: 248,Blood Diamond,1372,/wRamTzV6udKaMXrspxqOuo02zk0.jpg,American Gangster,4982,/uDSP5H5akJ85xMGSHRtaqHGBRLD.jpg,Inside Man,388,/z6wYRuvk1lf60R4SmWETfdUvGsm.jpg,The Men Who Stare at Goats,10313,/dCr1NYTxj7jJi2OlreTzCH7xJcM.jpg,Kinky Boots,16367,/3SZ45H08wUvEMoV9Kzfl2yF1Dm3.jpg
1,12) User: 135,Chronicles of Narnia: The Lion; the Witch and the Wardrobe; The,411,/l8RKDgjl9co0IgFZblxhtIOi5Uj.jpg,Pirates of the Caribbean: Dead Man's Chest,58,/waFr5RVKaQ9dzOt3nQuIVB1FiPu.jpg,Beowulf & Grendel,5471,/rvM310iHr34K0josqCmRVUev7FP.jpg,Scott Pilgrim vs. the World,22538,/lafRuPbjEQrrHG9QEaoyV2znZC.jpg,Castaway on the Moon,18438,/bqGgSOtz7d2TnDQEANwCZGmSaT2.jpg
1,10) User: 219,WALLֲ·E,10681,/9cJETuLMc6R0bTWRA5i7ctY9bxk.jpg,Slumdog Millionaire,12405,/9zknVczWOLhTKnT9nbX2IOCHtZn.jpg,Up,14160,/nk11pvocdb5zbFhX5oq5YiLPYMo.jpg,Lady in the Water,9697,/ddNmoSy1Jd3PBF5XDZvrrBIfrja.jpg,The Joneses,41479,/3jMKeU2TQM3wAUHEenKK3EPrzUP.jpg
1,14) User: 163,Iron Man,1726,/848chlIWVT41VtAAgyh9bWymAYb.jpg,I Am Legend,6479,/6OA0I8hhW9zftWoCYxJAzXW9UIN.jpg,Constantine,561,/qYTerimWp1t1zSEKknn9mByhwbX.jpg,Transformers,1858,/bgSHbGEA1OM6qDs3Qba4VlSZsNG.jpg,Beauty Shop,14177,/44vECj9Ntzfya4iGWTHN2QKTdrq.jpg
1,33) User: 492,Pirates of the Caribbean: Dead Man's Chest,58,/waFr5RVKaQ9dzOt3nQuIVB1FiPu.jpg,Charlie and the Chocolate Factory,118,/dvHl1dYvaZRhj9Gk0ITcCHr4DIJ.jpg,Alice in Wonderland,12155,/pvEE5EN5N1yjmHmldfL4aJWm56l.jpg,Chronicles of Narnia: The Lion; the Witch and the Wardrobe; The,411,/l8RKDgjl9co0IgFZblxhtIOi5Uj.jpg,Into the Wild,5915,/lHyYgaocXR6KcJLxVmxZDj115hH.jpg
2,40) User: 586,Zombieland,19908,/vUzzDpVrab1BOG3ogxhRGfLN94d.jpg,Kick-Ass,23483,/yZFrniO6qSwjTCosStXweYtczGT.jpg,The Sorcerer's Apprentice,27022,/ZNSrRpdJ6FjMy4Iu6JpRTJ5Q87.jpg,Scott Pilgrim vs. the World,22538,/lafRuPbjEQrrHG9QEaoyV2znZC.jpg,Fantastic Mr. Fox,10315,/750pfEttsYAVmynRg2vmt1AXh4q.jpg
2,13) User: 163,The Simpsons Movie,35,/eCytnEriVur3rT47NWfkgPXD9qs.jpg,I Am Legend,6479,/6OA0I8hhW9zftWoCYxJAzXW9UIN.jpg,Constantine,561,/qYTerimWp1t1zSEKknn9mByhwbX.jpg,Transformers,1858,/bgSHbGEA1OM6qDs3Qba4VlSZsNG.jpg,Silent Hill,588,/4Zz9cF8S4E7DITosNYh3spybYJb.jpg
2,77) User: 10419,Blades of Glory,9955,/7vbtLFfN00BaczHjOaPWui4aqg1.jpg,Talladega Nights: The Ballad of Ricky Bobby,9718,/hi8whfL7t6cL2LITLJjzJ7UWuZA.jpg,Pineapple Express,10189,/scEvOPl6ZJctQVnRWHvq0pP0DkM.jpg,The Book of Eli,20504,/qL3FnEug9DyBcaBXVb0oT3DJMJu.jpg,Shine a Light,7944,/28Lbw8CG5jX4nRB7O3dBmbtpzr7.jpg
2,28) User: 348,Inglourious Basterds,16869,/ai0LXkzVM3hMjDhvFdKMUemoBe.jpg,Zombieland,19908,/vUzzDpVrab1BOG3ogxhRGfLN94d.jpg,Kick-Ass,23483,/yZFrniO6qSwjTCosStXweYtczGT.jpg,Dejavu,7551,/abqvTL8xYQLgAtQGmyN7UxvCRGN.jpg,13,44982,/8w54aZ5hLX18gqs37MIdBmyIFMN.jpg
2,17) User: 239,Spider-Man 3,559,/rLwhewWypBL88VFGf6haSdnNj2U.jpg,Transformers,1858,/bgSHbGEA1OM6qDs3Qba4VlSZsNG.jpg,I Am Legend,6479,/6OA0I8hhW9zftWoCYxJAzXW9UIN.jpg,The Road,20766,/o34ARieL8kqGzcMnSksJ6OGPRK2.jpg,Horton Hears a Who!,12222,/cYc2MbsXsDbMcf3tZDSiuNLn7kn.jpg
2,14) User: 271,Inglourious Basterds,16869,/ai0LXkzVM3hMjDhvFdKMUemoBe.jpg,Shutter Island,11324,/zumLrxQmbpqhGcjpYcmZ1YXCCvI.jpg,The Departed,1422,/tGLO9zw5ZtCeyyEWgbYGgsFxC6i.jpg,Breach,4169,/gtpXnIrNjHPfCovjxcTZA0Dt3zh.jpg,Stone,44113,/8inchfMZMtZsLwj6dw8l3hKozLi.jpg
2,44) User: 742,Moon,17431,/2tgl9q3ZaVQUfSsbftqhRxXCElB.jpg,Watchmen,13183,/1QqwJBv5a6ddgzaT6cLytJioyrJ.jpg,Faster,41283,/xaHojTGfidOUfON6DGY14qUqATj.jpg,9,12244,/iGMOQt6R88ZuJRtlfpqWRa5268h.jpg,The Tale of Despereaux,10199,/8Nge4rXAQzU5w9U8OvnXuuJltL9.jpg
2,20) User: 572,Mr. & Mrs. Smith,787,/dqs5BmwSULtB28Kls3IB6khTQwp.jpg,Hitch,8488,/wY1AsrhhymgxVruhkPtfBoLnUA3.jpg,The Bounty Hunter,27573,/lAuOwnlWrBOOiWGpS3wqhfF4CRx.jpg,The Runaways,27586,/huz9FXVBshx5rwzCgO399vV9B7A.jpg,Planet 51,16866,/n4Azjb2DyclHySvHWMUAsGW2Zb1.jpg
2,17) User: 205,Casino Royale,36557,/zlWBxz2pTA9p45kUTrI8AQiKrHm.jpg,The Bourne Ultimatum,2503,/fHho6JYYY0nRcETWSoeI19iZsNF.jpg,Green Zone,22972,/7O3IkeHvp1sq5yMN0O8FsTee1C0.jpg,300,1271,/bYR8O1H1ZlME7Dm9ysfTYZnRDpw.jpg,Murderball,14278,/qeYmisWa9CHT2GRv9dr5gJ3J9rP.jpg
3,47) User: 1003,H.G. Wells' War of the Worlds,34812,/l8VVQgtuZIigZCaOLv40zZR1aMT.jpg,Mr. & Mrs. Smith,787,/dqs5BmwSULtB28Kls3IB6khTQwp.jpg,Tropic Thunder,7446,/zoWUdaaWKPDyr9b0il0YcggDWgJ.jpg,Wedding Crashers,9522,/5vMEXtz1DXgxFsv8pgFFGuOlI8V.jpg,The King of Kong: A Fistful of Quarters,13958,/uypCNIyomTC0mCHpNHBiOsB4Xxl.jpg
3,25) User: 975,In Bruges,8321,/kBABboeLU2HsKWSG7DwiF9saHl5.jpg,Burn After Reading,4944,/cbuPko7d87rhGEzMVIdHgW4mfob.jpg,A Serious Man,12573,/kCl9WXR7LOqDTEU3XUX8ssUETQR.jpg,Watchmen,13183,/1QqwJBv5a6ddgzaT6cLytJioyrJ.jpg,Igor,14248,/en4ddVTs4n49iDYMZtkvedFgcM8.jpg
3,59) User: 1690,The Social Network,37799,/ok5Wh8385Kgblq9MSU4VGvazeMH.jpg,Slumdog Millionaire,12405,/9zknVczWOLhTKnT9nbX2IOCHtZn.jpg,The Hangover,18785,/uluhlXubGu1VxU63X9VHCLWDAYP.jpg,Charlie Wilson's War,6538,/uN9tN0ZDyol7VsTlugDZhGc11xQ.jpg,The Expendables,27578,/y2qJoYxOhzyidsA60Mqn29H38Lk.jpg
3,19) User: 219,Pan's Labyrinth,1417,/t0TDsqbCTgSi0AL7k4baZrOYYhi.jpg,The Prestige,1124,/5MXyQfz8xUP3dIFPTubhTsbFY6N.jpg,V for Vendetta,752,/8rI9pNiTmugkEbI249evLygl9TC.jpg,Revolutionary Road,4148,/bnOK1lmdlqdy2HX6IgKx9TQD7Ax.jpg,Death at a Funeral,34803,/iicn7Nku5G4cwCfN5DfX8aiRDD9.jpg
3,15) User: 348,Good Night; and Good Luck.,3291,/2sW2FVIvrYs4NbYKMitjogeFw84.jpg,The Constant Gardener,1985,/r7QOXMcuIqZUeIVXVc4BCZrd9ni.jpg,Blindness,8338,/AqWG6z1P2CBrRkgEqMKoNsqC0em.jpg,The Imaginarium of Doctor Parnassus,8054,/luvHWGTKOaPdOpvEtKmTKdRjZzw.jpg,Battlestar Galactica: Razor,69315,/zsC0MxtjluB4ySwBKaw3C5NMsLi.jpg
3,63) User: 2397,Knocked Up,4964,/b4OaXw2MW97VvIiZE0Sbn1NfxSh.jpg,The 40 Year Old Virgin,6957,/kFXfr0ioXRfxz4AvQ6RJ7iFF6PI.jpg,Borat: Cultural Learnings of America for Make Benefit Glorious Nation of Kazakhstan,496,/9yoY43fgCmuCv2tzIr77z9jCx1L.jpg,Madagascar: Escape 2 Africa,10527,/9mohxwknsHcwFBSAAhoQXwFV5zn.jpg,True Grit,44264,/qc7vaF5fIeTllAykdP3wldlMyRh.jpg
4,7) User: 129,Inception,27205,/qmDpIHrmpJINaRKAfWQfftjCdyi.jpg,The Hangover,18785,/uluhlXubGu1VxU63X9VHCLWDAYP.jpg,School for Scoundrels,9842,/vI1K3XH8xLt97PZF7UrduqOBSC6.jpg,Kick-Ass,23483,/yZFrniO6qSwjTCosStXweYtczGT.jpg,I Saw the Devil,49797,/xhlXnzQRlDab04sUMVR9bzyDPpr.jpg
4,27) User: 318,Borat: Cultural Learnings of America for Make Benefit Glorious Nation of Kazakhstan,496,/9yoY43fgCmuCv2tzIr77z9jCx1L.jpg,Superbad,8363,/7RZWtDkf0mgrxvJNFj43YW2Ugi8.jpg,You; Me and Dupree,1819,/mtdjrysC3phP4ZtCjdTJsHfZtIU.jpg,Lars and the Real Girl,6615,/t8CjVSDVT5fy2AMZRwL0l9OCVhG.jpg,Fur: An Imaginary Portrait of Diane Arbus,18615,/zWyqvtwuPc8Dk7IfCY1XxbNPbij.jpg
4,45) User: 779,Star Wars: Episode III - Revenge of the Sith,1895,/tgr5Pdy7ehZYBqBkN2K7Q02xgOb.jpg,King Kong,254,/iQYMVoI9QE2wQCOSrxhiBYd4v0w.jpg,X-Men: The Last Stand,36668,/9JGPYfd8BAXi7eMaDBbqgkyliQq.jpg,Land of the Dead,11683,/1VYvkSiyJg9Za2R5KSHjUygLKEq.jpg,One Man Band,13933,/e3fDOQgvajJCiag9EQ4QvPRtU6a.jpg
4,28) User: 367,300,1271,/bYR8O1H1ZlME7Dm9ysfTYZnRDpw.jpg,No Country for Old Men,6977,/6o0UWX2naW7HK45PDNYmoMIk5qs.jpg,Transsiberian,6687,/izYDkKxj9sI8KNKK0PR54dpuiFu.jpg,Hostage,2026,/simhaVNOea3uhRUM0gT8WdidEto.jpg,Outlander,10529,/fjRXOzuBEg0VGDM701ftBaVqWTr.jpg
4,55) User: 1268,Hancock,8960,/dsCxSr4w3g2ylhlZg3v5CB5Pid7.jpg,The Incredible Hulk,1724,/qTghl3lO8PhmIxkf8eN5WQQefHI.jpg,Iron Man 2,10138,/ArqpkNYGfcTIA6umWt6xihfIZZv.jpg,The Kingdom,4349,/83eJJlHscLsi9DHsqsyk1hIXL83.jpg,Crazy Heart,25196,/tUyhwp36YykNKpqpEfauCavuDbK.jpg
4,18) User: 211,Pirates of the Caribbean: Dead Man's Chest,58,/waFr5RVKaQ9dzOt3nQuIVB1FiPu.jpg,V for Vendetta,752,/8rI9pNiTmugkEbI249evLygl9TC.jpg,Casino Royale,36557,/zlWBxz2pTA9p45kUTrI8AQiKrHm.jpg,Paprika,4977,/dJI2FSs3qfEPW82cWYfIaV8cVmN.jpg,The Spy Next Door,23172,/5Z9QrtpXnqF5BVg7kEotNMl6uPO.jpg
4,2) User: 11,Chronicles of Narnia: The Lion; the Witch and the Wardrobe; The,411,/l8RKDgjl9co0IgFZblxhtIOi5Uj.jpg,Charlie and the Chocolate Factory,118,/dvHl1dYvaZRhj9Gk0ITcCHr4DIJ.jpg,Corpse Bride,3933,/o9GbcdP7rOg2m1NyUnUR3ZwNcTE.jpg,Wallace & Gromit: The Curse of the Were-Rabbit,533,/tLryx0x9TDV5rifA9W8yUvDZFHB.jpg,Insidious,49018,/6Tjg6DWVo2cpqDLxrOQNw1UvIMB.jpg
5,15) User: 219,WALLֲ·E,10681,/9cJETuLMc6R0bTWRA5i7ctY9bxk.jpg,The Prestige,1124,/5MXyQfz8xUP3dIFPTubhTsbFY6N.jpg,Public Enemies,11322,/qisfF7ENdmGI8fpQJoCxIIU1QhH.jpg,The Departed,1422,/tGLO9zw5ZtCeyyEWgbYGgsFxC6i.jpg,The Squid and the Whale,10707,/3G2qL3hkYuOLTbx05oUtfUa6gDR.jpg
5,36) User: 520,Transformers,1858,/bgSHbGEA1OM6qDs3Qba4VlSZsNG.jpg,300,1271,/bYR8O1H1ZlME7Dm9ysfTYZnRDpw.jpg,Watchmen,13183,/1QqwJBv5a6ddgzaT6cLytJioyrJ.jpg,V for Vendetta,752,/8rI9pNiTmugkEbI249evLygl9TC.jpg,Alvin and the Chipmunks,6477,/sAt2yb4dgrpkHjbB9dQaKD9Caor.jpg
5,39) User: 578,Role Models,15373,/bq6wxu0rv1GIkEwslBT2rVgLkxe.jpg,Pineapple Express,10189,/scEvOPl6ZJctQVnRWHvq0pP0DkM.jpg,Talladega Nights: The Ballad of Ricky Bobby,9718,/hi8whfL7t6cL2LITLJjzJ7UWuZA.jpg,Bewitched,9722,/auUAybijSJ72XuTaPgh0EhvyJ13.jpg,P2,13474,/4gcbXi1ibT9J0ahwdgyz6m0c6w4.jpg
5,8) User: 131,I Love You; Man,16538,/gFL5cazCOhgsoO2mQuYPMdFekfE.jpg,Forgetting Sarah Marshall,9870,/rAXlZmQ3gg4mScySg1kvs0ZLdCb.jpg,Knocked Up,4964,/b4OaXw2MW97VvIiZE0Sbn1NfxSh.jpg,Bruno,18480,/tqvApLFIzYBr8MIqi22VSIilHN7.jpg,Friends with Money,8998,/aoZs2thanH8GujtAoiqXj4BkSKK.jpg
5,56) User: 2210,X-Men: The Last Stand,36668,/9JGPYfd8BAXi7eMaDBbqgkyliQq.jpg,King Kong,254,/iQYMVoI9QE2wQCOSrxhiBYd4v0w.jpg,H.G. Wells' War of the Worlds,34812,/l8VVQgtuZIigZCaOLv40zZR1aMT.jpg,Dejavu,7551,/abqvTL8xYQLgAtQGmyN7UxvCRGN.jpg,Garfield: A Tail of Two Kitties,9513,/aagx3t2Xv7R26hcqzrayTT28Yww.jpg
5,5) User: 96,Lucky Number Slevin,186,/jtKq0EtothAzWlnRBBWGCA8uFuu.jpg,Kiss Kiss Bang Bang,5236,/5Lif1qGiyaF8OqG9lR3eqzeEC3S.jpg,Orphan,21208,/52izb01N4y8JehddYlsxAKK18M9.jpg,Step Brothers,12133,/tDFNUuYkQ4ZeAlrBHeTtimAumXo.jpg,The Band's Visit,5259,/vVY2gy1wgrRFBizT0fotlOJWThx.jpg
5,57) User: 1518,No Country for Old Men,6977,/6o0UWX2naW7HK45PDNYmoMIk5qs.jpg,Hot Fuzz,4638,/5Jx6s6VXnunh8wCLgR0YgjwSgjh.jpg,Smokin' Aces,7516,/sIxQqvlhqWRiw0czLNuGS8q3P4F.jpg,Capote,398,/k7z0tDxzbDNev7F8l3Y56Pk5seR.jpg,Bright Star,29963,/dMo0ToyAlicDeSNmY47vZkbrRIK.jpg
5,65) User: 3218,The 40 Year Old Virgin,6957,/kFXfr0ioXRfxz4AvQ6RJ7iFF6PI.jpg,Wedding Crashers,9522,/5vMEXtz1DXgxFsv8pgFFGuOlI8V.jpg,How Do You Know,42888,/5gwKI65TnSAT9PI2iFWZXpmTZ3C.jpg,He's Just Not That Into You,10184,/ruc33YnCrmCL8PHdPQVzfa4shWX.jpg,Ong Bak 2,16353,/ezNF5WT3eRbEXUwtPa5Z8RVBUxi.jpg
5,54) User: 1265,Charlie and the Chocolate Factory,118,/dvHl1dYvaZRhj9Gk0ITcCHr4DIJ.jpg,Harry Potter and the Goblet of Fire,674,/6sASqcdrEHXxUhA3nFpjrRecPD2.jpg,Prince of Persia: The Sands of Time,9543,/dtjz9Z6MTsuFyrzqdwVB4dgHENA.jpg,Star Wars: Episode III - Revenge of the Sith,1895,/tgr5Pdy7ehZYBqBkN2K7Q02xgOb.jpg,Micmacs,27936,/lgilU7TzFXhZWX39iYsEwJFdPKE.jpg
6,32) User: 409,Avatar,19995,/kmcqlZGaSh20zpTbuoF0Cdn07dT.jpg,Shutter Island,11324,/zumLrxQmbpqhGcjpYcmZ1YXCCvI.jpg,Zodiac,1949,/bgLyOROfFQI3FqYL7jQbiaV8lkN.jpg,Black Swan,44214,/dQ7uxvsVTspVIsqjfgQj8usJpwX.jpg,Mad Hot Ballroom,14358,/cVnBICXmyqlusz1iYvjvIOHxo5U.jpg
6,41) User: 614,Juno,7326,/eE64N6PYCSRW2mtQucfK2av5Wk2.jpg,Pan's Labyrinth,1417,/t0TDsqbCTgSi0AL7k4baZrOYYhi.jpg,Legion,22894,/mXJJPsVfQdf0OWxgoWgDUFyzJQo.jpg,Children of Men,9693,/gZ6i32Da76EUxta06GL2BxpC4Cn.jpg,District 13: Ultimatum,15357,/9dONlMfokUH5dfsjZJgpDl1KB12.jpg
6,43) User: 729,Sherlock Holmes,33555,/yVeRjNrFPNHkjV200Ncmldd6p6p.jpg,The Hangover,18785,/uluhlXubGu1VxU63X9VHCLWDAYP.jpg,School for Scoundrels,9842,/vI1K3XH8xLt97PZF7UrduqOBSC6.jpg,Volver,219,/wjiEyTi7EnkdtC3MhH446esjCLF.jpg,Proof,9777,/epdaSTJ7sPeXrDaaRE4oefTqXqv.jpg
6,52) User: 1200,Lucky Number Slevin,186,/jtKq0EtothAzWlnRBBWGCA8uFuu.jpg,Lord of War,1830,/nwPUI9WlYtDmE5VO6eEFCfrNXWl.jpg,Bangkok Dangerous,13184,/eyHn8A0lze1pbCNxv0UsATBOmyv.jpg,An Education,24684,/n0mH5BgPjlMWJLWKhjtf5MDRrm9.jpg,Be Kind Rewind,4953,/f0oX20YrQEiVPDH9InCQ1d3Cm66.jpg
6,66) User: 3571,Harry Potter and the Deathly Hallows: Part 1,12444,/maP4MTfPCeVD2FZbKTLUgriOW4R.jpg,Iron Man 2,10138,/ArqpkNYGfcTIA6umWt6xihfIZZv.jpg,Tropic Thunder,7446,/zoWUdaaWKPDyr9b0il0YcggDWgJ.jpg,RED,39514,/q2mwTRKrq1etP9S4SZVDIJq0wI2.jpg,Certified Copy,48303,/yAbWoWlXNtuxyIV4PI5KPG0vKKi.jpg
6,88) User: 103359,Death Proof,1991,/nyQBcpxqS4im2akQlWG9Y1oeM2V.jpg,Planet Terror,1992,/7Yjzttt0VfPphSsUg8vFUO9WaEt.jpg,Predators,34851,/wdniP8NDaJIydi1hMxhpbJMUfr6.jpg,Vantage Point,7461,/2PnFsTzmFC3Ydhj0uBEYjPqHWHO.jpg,Leatherheads,4942,/dwXbC931oXylH9G42OoXalmPGwj.jpg
6,21) User: 258,The Departed,1422,/tGLO9zw5ZtCeyyEWgbYGgsFxC6i.jpg,The Bourne Ultimatum,2503,/fHho6JYYY0nRcETWSoeI19iZsNF.jpg,Green Zone,22972,/7O3IkeHvp1sq5yMN0O8FsTee1C0.jpg,No Country for Old Men,6977,/6o0UWX2naW7HK45PDNYmoMIk5qs.jpg,Are We Done Yet?,10172,/nTsCn9D1s1fJEC139JfnMobZB0k.jpg
7,53) User: 1252,X-Men Origins: Wolverine,2080,/kqO36IYvWbRKMPiUeiVZUFH06Rc.jpg,Transformers: Revenge of the Fallen,8373,/kVISXAXDYhjQCfu50QZeCCzzbPv.jpg,Eagle Eye,13027,/ej1yxLuhME7PJyGsXJjEMcQGI37.jpg,Terminator Salvation,534,/gw6JhlekZgtKUFlDTezq3j5JEPK.jpg,Elizabeth: The Golden Age,4517,/kER0eNIgnZ9rlvrk5f2syGWaknK.jpg
7,50) User: 964,Tangled,38757,/re6AOJbhBk9FIK3knwU6rYlbPDx.jpg,Despicable Me,20352,/4zHJhBSY4kNZXfhTlmy2TzXD51M.jpg,Horton Hears a Who!,12222,/cYc2MbsXsDbMcf3tZDSiuNLn7kn.jpg,The Tiger and the Snow,10846,/prEjOhaP83QzGnX77rZ6xffGPhK.jpg,The Lives of Others,582,/bzzDAg3fkztvfQB08VBprhs9tVE.jpg
7,18) User: 459,The King's Speech,45269,/nkFTbA1XjKWo9LCTaV1hV2Lsgr1.jpg,Black Swan,44214,/dQ7uxvsVTspVIsqjfgQj8usJpwX.jpg,The Social Network,37799,/ok5Wh8385Kgblq9MSU4VGvazeMH.jpg,The Day the Earth Stood Still,10200,/7fNFk4EAGbuRFqrSJprgXEIX5Za.jpg,Ben X,6936,/4EYFjfvNb6ohZjuI9yAW8ZMqWPE.jpg
7,34) User: 422,The Hitchhiker's Guide to the Galaxy,7453,/fOb4cJMhnZ11BoHNUii3Vcfo3XU.jpg,H.G. Wells' War of the Worlds,34812,/l8VVQgtuZIigZCaOLv40zZR1aMT.jpg,King Kong,254,/iQYMVoI9QE2wQCOSrxhiBYd4v0w.jpg,Click,9339,/ojmEqzJgTLo8S34uVQ6ZWmhgOoG.jpg,Let Me In,41402,/90Y8RVSlOnWsG8PO6evI4ycXItg.jpg
7,71) User: 5015,American Gangster,4982,/uDSP5H5akJ85xMGSHRtaqHGBRLD.jpg,Blood Diamond,1372,/wRamTzV6udKaMXrspxqOuo02zk0.jpg,Inception,27205,/qmDpIHrmpJINaRKAfWQfftjCdyi.jpg,The A-Team,34544,/eMwotYpkcE42lGlaoCpPFaolvst.jpg,Encounters at the End of the World,12172,/4hVyXAVAjyuXUcKbD4rRkYVPQx1.jpg
7,43) User: 829,Iron Man 2,10138,/ArqpkNYGfcTIA6umWt6xihfIZZv.jpg,Sherlock Holmes,33555,/yVeRjNrFPNHkjV200Ncmldd6p6p.jpg,Shutter Island,11324,/zumLrxQmbpqhGcjpYcmZ1YXCCvI.jpg,Taken,8681,/3zlffXmo7QpVBc17QIJWrRfasVr.jpg,The Secret Life of Bees,12837,/zVfDRxBdjZ3YvBKTRgt8NAc7i44.jpg
7,17) User: 409,Avatar,19995,/kmcqlZGaSh20zpTbuoF0Cdn07dT.jpg,Toy Story 3,10193,/AqYmOBxLjASrj5UtybIh7Axyv77.jpg,How to Train Your Dragon,10191,/hIXX3IRFy0InUOmYeWjvhCAgQNj.jpg,Futurama: Bender's Big Score,7249,/bIde0Qs4OkgyMBmGOZOZyiD92AW.jpg,The Wild,9904,/uxTtgh4tpSWVulXLCDqKU10cWXo.jpg
8,38) User: 578,The Prestige,1124,/5MXyQfz8xUP3dIFPTubhTsbFY6N.jpg,Children of Men,9693,/gZ6i32Da76EUxta06GL2BxpC4Cn.jpg,Harry Brown,25941,/68V1ClrCT7ik7UDiAkIDliRaAXf.jpg,Pan's Labyrinth,1417,/t0TDsqbCTgSi0AL7k4baZrOYYhi.jpg,Accepted,9788,/2GaDZYNy3GgraGfn54FWUSrxPiF.jpg
8,6) User: 121,Superbad,8363,/7RZWtDkf0mgrxvJNFj43YW2Ugi8.jpg,Knocked Up,4964,/b4OaXw2MW97VvIiZE0Sbn1NfxSh.jpg,Funny People,20829,/uWgcmAIfYURUHJGhY4Rq1IXcJIg.jpg,Sex and the City,4564,/5fuWykynmiJ07fKA84BVxxuiGHx.jpg,The Secret Life of Bees,12837,/zVfDRxBdjZ3YvBKTRgt8NAc7i44.jpg
8,29) User: 370,District 9,17654,/axFmCRNQsW6Bto8XuJKo08MPPV5.jpg,Inglourious Basterds,16869,/ai0LXkzVM3hMjDhvFdKMUemoBe.jpg,Slumdog Millionaire,12405,/9zknVczWOLhTKnT9nbX2IOCHtZn.jpg,Babel,1164,/fxneN0EQZwTfAfhTGUvUuIn6PLi.jpg,King of California,5718,/zLoa3oJ83zo9g3mV9LNCHbqO7jH.jpg
8,45) User: 951,Batman Begins,272,/dr6x4GyyegBWtinPBzipY02J2lV.jpg,Star Wars: Episode III - Revenge of the Sith,1895,/tgr5Pdy7ehZYBqBkN2K7Q02xgOb.jpg,Casino Royale,36557,/zlWBxz2pTA9p45kUTrI8AQiKrHm.jpg,The Day the Earth Stood Still,10200,/7fNFk4EAGbuRFqrSJprgXEIX5Za.jpg,The Interpreter,179,/aAW4W8x41TwWQUQpLQqkWNQbtlv.jpg
8,79) User: 15442,Lucky Number Slevin,186,/jtKq0EtothAzWlnRBBWGCA8uFuu.jpg,Inside Man,388,/z6wYRuvk1lf60R4SmWETfdUvGsm.jpg,American Gangster,4982,/uDSP5H5akJ85xMGSHRtaqHGBRLD.jpg,30 Days of Night,4513,/utaOrixJukf5HrlMjmHrRhA7DKk.jpg,Deliver Us from Evil,13364,/yEIMu6tgUPNmbLfH7fugKOe12id.jpg
8,81) User: 29471,Gran Torino,13223,/yeBc5vpEiqIAZrbVQnl833GlBEi.jpg,Taken,8681,/3zlffXmo7QpVBc17QIJWrRfasVr.jpg,Faster,41283,/xaHojTGfidOUfON6DGY14qUqATj.jpg,Snakes on a Plane,326,/dbt9YEAPZjd0LbaK1r8UnOZp2Uv.jpg,The Rebound,24122,/nkkFebe8ZgE843rnTrlaRWJy0g9.jpg
8,49) User: 910,H.G. Wells' War of the Worlds,34812,/l8VVQgtuZIigZCaOLv40zZR1aMT.jpg,Chronicles of Narnia: The Lion; the Witch and the Wardrobe; The,411,/l8RKDgjl9co0IgFZblxhtIOi5Uj.jpg,Clash of the Titans,18823,/n8W2Y72VzSi8Yz6IvYWwfoiMTS6.jpg,Charlie and the Chocolate Factory,118,/dvHl1dYvaZRhj9Gk0ITcCHr4DIJ.jpg,Megamind,38055,/amXAUSAUrnGuLGEyc1ZNhBvgbnF.jpg
9,48) User: 893,Iron Man 2,10138,/ArqpkNYGfcTIA6umWt6xihfIZZv.jpg,Sherlock Holmes,33555,/yVeRjNrFPNHkjV200Ncmldd6p6p.jpg,Revolver,10851,/jscEs0gtxoAwKcF4509oYAFDXIw.jpg,Shutter Island,11324,/zumLrxQmbpqhGcjpYcmZ1YXCCvI.jpg,Mr. Bean's Holiday,1268,/5G3gOZemcwXf2nbUFB4VCc5gl2A.jpg
9,48) User: 1164,Inception,27205,/qmDpIHrmpJINaRKAfWQfftjCdyi.jpg,Shutter Island,11324,/zumLrxQmbpqhGcjpYcmZ1YXCCvI.jpg,Zodiac,1949,/bgLyOROfFQI3FqYL7jQbiaV8lkN.jpg,Sherlock Holmes,33555,/yVeRjNrFPNHkjV200Ncmldd6p6p.jpg,An Education,24684,/n0mH5BgPjlMWJLWKhjtf5MDRrm9.jpg
9,87) User: 62340,Pineapple Express,10189,/scEvOPl6ZJctQVnRWHvq0pP0DkM.jpg,Forgetting Sarah Marshall,9870,/rAXlZmQ3gg4mScySg1kvs0ZLdCb.jpg,Couples Retreat,19899,/6mdsH9XA2u4jnVKwWlKE1Mg2OQM.jpg,Hairspray,2976,/ndOpIx4BXpFCRRIxgMoGHxZxlE9.jpg,Sherlock Holmes,33555,/yVeRjNrFPNHkjV200Ncmldd6p6p.jpg
9,74) User: 5546,The Incredible Hulk,1724,/qTghl3lO8PhmIxkf8eN5WQQefHI.jpg,Hancock,8960,/dsCxSr4w3g2ylhlZg3v5CB5Pid7.jpg,Wanted,22717,/68h6Tl4KCGa6u51wntZzznV85Tp.jpg,Resident Evil: Extinction,7737,/84s6e0V8hB87eOI5X3zVtkDboto.jpg,Orphan,21208,/52izb01N4y8JehddYlsxAKK18M9.jpg
9,98) User: 136727,The Fighter,45317,/ytGIpdxYyvXwch5QILfquSTMA9f.jpg,The Town,23168,/zX4fKmDXKGt4hlzhAJirdlRKFgO.jpg,State of Play,16995,/lH5rHsUM7Umo9xyyjPguK5kTXKd.jpg,The Lives of Others,582,/bzzDAg3fkztvfQB08VBprhs9tVE.jpg,An Evening with Kevin Smith 2: Evening Harder,16768,/a32Qvy02vcT4qeyYJrAZyddienW.jpg
9,83) User: 42579,There Will Be Blood,7345,/bFgqkuAFBHNuq0oTtewHwuLVWSO.jpg,In Bruges,8321,/kBABboeLU2HsKWSG7DwiF9saHl5.jpg,Miami Vice,82,/3BsNsigWcET4tKLZZhJegw7eOjF.jpg,Eagle Eye,13027,/ej1yxLuhME7PJyGsXJjEMcQGI37.jpg,Paranormal Activity 2,41436,/f11EPBUhWdNh2K4lkL9giISPIVq.jpg
9,16) User: 239,Ratatouille,2062,/y8y6Fv0k068OnHBZtu949A1t6pj.jpg,Juno,7326,/eE64N6PYCSRW2mtQucfK2av5Wk2.jpg,Up in the Air,22947,/skp6h2el5rsaRmlzBhWZ6ZPyW2i.jpg,Revolutionary Road,4148,/bnOK1lmdlqdy2HX6IgKx9TQD7Ax.jpg,Shelter,17483,/auMRglisVmM01BRGAWCjv7AuUeE.jpg
9,80) User: 20117,Tropic Thunder,7446,/zoWUdaaWKPDyr9b0il0YcggDWgJ.jpg,Burn After Reading,4944,/cbuPko7d87rhGEzMVIdHgW4mfob.jpg,A Serious Man,12573,/kCl9WXR7LOqDTEU3XUX8ssUETQR.jpg,The Last King of Scotland,1523,/rgJa3DRf8L2EnYKr5ZRMpuQn0s2.jpg,Sherlock Holmes,33555,/yVeRjNrFPNHkjV200Ncmldd6p6p.jpg
10,9) User: 205,Casino Royale,36557,/zlWBxz2pTA9p45kUTrI8AQiKrHm.jpg,The Departed,1422,/tGLO9zw5ZtCeyyEWgbYGgsFxC6i.jpg,Shutter Island,11324,/zumLrxQmbpqhGcjpYcmZ1YXCCvI.jpg,No Country for Old Men,6977,/6o0UWX2naW7HK45PDNYmoMIk5qs.jpg,Catch and Release,13668,/zd9B1CwZxAE4Y5h5dya0c2YqQ8q.jpg
10,50) User: 1252,Slumdog Millionaire,12405,/9zknVczWOLhTKnT9nbX2IOCHtZn.jpg,Gran Torino,13223,/yeBc5vpEiqIAZrbVQnl833GlBEi.jpg,Changeling,3580,/qtte2n6ygA1zVG5kLrjUGui28TJ.jpg,Inglourious Basterds,16869,/ai0LXkzVM3hMjDhvFdKMUemoBe.jpg,Rocky Balboa,1246,/n82AAPWnAafDAZjxkYK2rAPwk4A.jpg
10,9) User: 96,Up,14160,/nk11pvocdb5zbFhX5oq5YiLPYMo.jpg,Inception,27205,/qmDpIHrmpJINaRKAfWQfftjCdyi.jpg,Inglourious Basterds,16869,/ai0LXkzVM3hMjDhvFdKMUemoBe.jpg,Red Eye,11460,/rTDa8Ald7iiES01zJJkcM9ikd0l.jpg,You Will Meet a Tall Dark Stranger,38031,/gbwJPEQZTSjjBAlv8DofNZVWiO.jpg
10,8) User: 35,Casino Royale,36557,/zlWBxz2pTA9p45kUTrI8AQiKrHm.jpg,Sin City,187,/vKJVGOKPyWqp9d2EX5NH1liqRqR.jpg,Machete,23631,/3RCX4EzTrpO6wNz536EQPhYM2Fk.jpg,Jumper,8247,/mIz6FQabZrrzsOwYFpUpreijpvx.jpg,Margot at the Wedding,13998,/sH3KLZAOxVgeovcskMFpYvIbr7T.jpg
10,97) User: 133577,True Grit,44264,/qc7vaF5fIeTllAykdP3wldlMyRh.jpg,The Fighter,45317,/ytGIpdxYyvXwch5QILfquSTMA9f.jpg,Invincible,11652,/yB6K696MEnZ79MBHdr2RvgPRpVL.jpg,Body of Lies,12113,/ngQAEKZVpT0SD9i98ApEgsQKC52.jpg,The Wild,9904,/uxTtgh4tpSWVulXLCDqKU10cWXo.jpg
11,1,Reno 911!: Miami,10090,/qrUqHQZ7xUM3BSSoFaiOriNZUF2.jpg,Let's Go to Prison,9809,/b3LSRWmtuybqXaL7WJoai1AhscN.jpg,The Brothers Solomon,10071,/qCJ2BfPKNL2UmE8s4NiArK1WhLe.jpg,Cemetery Junction,36801,/egi9bmsdvfuZCZXW2BsiChaek6t.jpg,All Good Things,46503,/vhK2BESu5lBskZqWCmtGaH24vDS.jpg
11,2,What Happens in Vegas,9029,/NWQmNdQwm7blsBNSdpWIfqkGte.jpg,A Lot Like Love,8976,/anrhVr6lZqesL1HDgmX06Oo86R.jpg,Spread,19918,/3MWQaxib5wUXLVaD2tjvpK3zNpD.jpg,The Unborn,13788,/dxjxszWxiaYKd5kKoTUpY6jQMzO.jpg,The Ax,34186,/f79n2rX4vUJMh8QC83p018SQTci.jpg
11,3,In Search of a Midnight Kiss,13120,/xF4oqHpW6SJe8Gno4kHwzDHPaS6.jpg,Dedication,14118,/AhEFo1nHCifR9kzQuaFwk3CXQOS.jpg,License to Wed,2959,/9I8NiY5cfFmwgI8Y5NKQqsuDawS.jpg,Black Snake Moan,7874,/vqSmcjiN3nJVSWumCHcytFVWD03.jpg,The Midnight Meat Train,10185,/vHKe4D9qGK56OfgX9v5KnjXVMBE.jpg
11,4,The Duchess,12783,/tOv8ftJIER6Jrwshv1GQ8FhmGUN.jpg,The Painted Veil,14202,/5JXwb59tH5vs3knx0UlhDyxXpjc.jpg,Down in the Valley,7870,/wMlm71hSmvHhNfC6gMOwT1nXsUN.jpg,Valhalla Rising,37861,/gOZbRtcLCgDARcIkc6Zv2P1UDti.jpg,Wanted,22717,/68h6Tl4KCGa6u51wntZzznV85Tp.jpg
11,5,Biutiful,45958,/p5NWzd6DNvlJpt2gl1eOq6Wiemj.jpg,In a Better World,44716,/qxCTUrnC5ZdsKQepBMPt09ihse.jpg,After the Wedding,3549,/HMEDwc440dCjqFdRxcw2trRSqM.jpg,Sarah Silverman: Jesus Is Magic,16156,/3Q8pDGBV0uHel24kNupFam2638f.jpg,The Last Song,35690,/90ICc0MXgDgTtWD3qfA1BfkA21t.jpg
11,6,Somewhere,39210,/d3A0bbRp6sHN4uz6n3ddbtyL1tt.jpg,Two Lovers,10362,/9HfZ1JyrGZAglrNHdRFc8196Ina.jpg,Walk the Line,69,/wdxL3Zyh3O5MIbmsSiZEevJAjtQ.jpg,The Edge of Heaven,2014,/oyJTRfxvbjz223626iMuDlZo4b8.jpg,TMNT,1273,/4hGzZ2DAjdu6IjHT7dGfiVatHEu.jpg
11,7,The Condemned,14636,/dYocAyHDOUg4y4pcetRWqHWH0fi.jpg,The Marine,8975,/nyfNJo6Htju5h0Xgj6szROpxqdt.jpg,12 Rounds,17134,/i36NEi5TSYSxmu6dO0K1cAWxjGx.jpg,Taking Chance,25405,/f0P80zs4xAU0t9TlIvidZU7SkIc.jpg,Dave Chappelle's Block Party,292,/hemHNgWePU3sYwI9LD7INOJWWBQ.jpg
11,8,Get Low,44718,/kLw9J6Rp3surSUKZbmJ9KZDwFBT.jpg,Conviction,45094,/WHmcvCVpbSSnj4UjUUCfQwuiGo.jpg,Freedom Writers,1646,/bffP9cAgOHsMNnc55zIXrDnz7QD.jpg,Louis Theroux: The Most Hated Family in America,63581,/skdJKECKh77w3rt9QgeBTipw9ul.jpg,Taxidermia,15742,/1DlbuuhZJdsp0CAAVD6VLNWSJPZ.jpg
11,9,Prom Night,8617,/uNBnpeaxPUcOtaevIjQMG6Ne3mZ.jpg,Black Christmas,9656,/awKDTSKyQnskzB0DZfORBPzhCE5.jpg,When a Stranger Calls,10053,/pYxd8DM4qBV24rJ9Jf84SYtIao1.jpg,Blood and Chocolate,10075,/g4PQ1tNyA7EMi9bxhP1R3Lo9byh.jpg,In the Land of Women,13067,/vyt7OcWLFc0OsnNSh8XY7Z2bCur.jpg
11,10,Miss Pettigrew Lives for a Day,12178,/8upvDaxMou1RGU0EqbQYjAxri4p.jpg,Mrs Henderson Presents,10773,/ekwdY6HN0t4CQYJzulgwIGOnydB.jpg,Made in Dagenham,46138,/9jaYXw11xWdE7U0VQwguOzYlsJG.jpg,Agora,26428,/hZcl4TuZYTNWztIP8Zpvr6YLxiY.jpg,The Art of Negative Thinking,12167,/hUJV1WlAUBTstK2zHDIGSINaSVa.jpg
12,inspection,Helvetica,13348,/sQdMGO8slfUxOu2LOGUirWWJPMM.jpg,Bridge to Terabithia,1265,/gihMBO2SmUprI1ecYe7Eo7Eg1yq.jpg,Jarhead,25,/kmbyO0XUHRHcMyxVSZAWDdrpxIu.jpg,Cargo,34069,/r3tPZlJlfWH0PyrWNJxBKUtwbNy.jpg,A Matter of Loaf and Death,14447,/e4L9XUCmNhiwbLICMiISh73PySF.jpg
